gap_id,domain,current_status,open_substitute,missing_core,priority,planned_action,first_needed_by_phase,effect_on_execution,canonical_doc
GAP-001,unit_registry,"partial; strong >=100 MW backbone","ENTSO-E; DGEG; REN map; PyPSA-Eur coordinates; E-REDES; OMIE","canonical physical group-to-node crosswalk and small units",high,"build confidence-scored crosswalk; request DGEG/REN export",P2,"constrains P2 coverage and may block unit-level P3; does not block a zonal model",docs/data/generation-and-storage-assets.md
GAP-002,unit_parameters,"generic priors open; operator holds actual values","ERAA; ENTSO-E output/outages; RMSA methods","Portuguese heat-rate curves starts no-load ramps minima and EFORd by unit",critical,"infer ranges; request REN values; sensitivity distributions",P3,"does not block zonal P3; blocks validated plant-level UC and narrows P5 claims",docs/data/generation-and-storage-assets.md
GAP-003,hydro,"planning layer now strong in PT and material in ES; graph substantially reconstructible","SNIRH; PGRH; CNPGB; DGEG; MITECO; CEDEX; SAIH; operator environmental reports","hill charts; tailwater; losses; group limits; harmonised multi-use rules; Tamega operation; canonical PT-ES crosswalk",critical,"build versioned graph and reservoir QA; calibrate segmented efficiencies; request APA/operator/MITECO data",P3,"does not block reservoir planning; blocks operator-grade cascade UC and some adequacy claims",docs/data/hydro.md
GAP-004,balancing_redispatch,"substantial 15-minute public layer","REN SIME; ENTSO-E balancing","seconds AGC/FCR; physical contingency/action mapping; canonical curtailment",high,"ingest SIME; reconcile definitions; request context fields",P2,"constrains P2/P3 balancing accounts; seconds-level absence mainly limits P5",docs/data/system-operations.md
GAP-005,distribution,"rich substation/zonal open data","E-REDES; PDIRD; ERSE proxies","electrical AT/MT/BT graph; parameters; switch state; nodal reinforcement curves",high,"use zonal proxies; request licensed planning snapshot",P3,"does not block zonal P3/P4; blocks RND load-flow and nodal reinforcement claims",docs/data/grid-and-stability.md
GAP-006,batteries,"official aggregate totals exist by dated perimeter; asset layer remains confidence-scored","REN; ERSE; DGEG; REE; MITECO; JRC; EEM","harmonised standalone co-located BTM and PHS registry with charge/discharge MW gross/usable MWh node status and revisions",high,"preserve immutable official snapshots; request G5/licensing exports and build field-level provenance",P2,"does not block aggregate storage modelling; constrains asset-level calibration and BTM claims",docs/data/generation-and-storage-assets.md
GAP-007,realised_costs,"good regulated-network evidence; weak private all-in","PDIRD; regulated accounts; BASE; audits","complete final private project cost and unit catalogue",critical,"reconstruct SPV accounts; request regulated/project outturn",P2,"blocks all-in private-project claims; does not block an aggregate historical ledger",docs/data/project-costs.md
GAP-008,stability,"requirements indicators planning and incident data public","RfG; PDIRT; Annex 16; quality reports; blackout report","raw SCADA/PMU; AC states; dynamics/EMT; controls/protections; operational CGMES",critical,"synthetic screens only; pursue institutional/NDA access",P5,"blocks TSO-grade dynamic-security claims only; synthetic screening remains possible",docs/data/grid-and-stability.md
GAP-009,nuclear_portugal,"specific project does not exist","law; IAEA/NEA benchmarks; historical screening","site technology vendor grid cooling institution financing and waste package",structural,"model scenarios and break-even surfaces; do not claim project estimate",P4,"blocks a project-specific Portuguese estimate; not parametric scenarios or break-even analysis",docs/nuclear.md
GAP-010,islands,"monthly/annual and quality data public","SREA; DREM; EDA; EEM","hourly/15-minute dispatch demand fuel SOC curtailment reserves outages SCADA",critical_if_in_scope,"keep separate; request per-island native series",P5_if_in_scope,"blocks detailed island studies only; no effect while islands remain outside core scope",docs/data/islands.md
GAP-011,spain_asset_operations,"strong zonal public layer and official reservoir data; unit and licensing parity still absent","ESIOS; REData; RAIPEE; MITECO; CNMC; ENTSO-E; ERAA","canonical unit-to-node and storage crosswalk; unit UC/EFORd values; ESIOS reuse rights and complete action-to-constraint mapping",high,"obtain tokens; test completeness; use technology priors; request sanitised exports; keep hydro in GAP-003 and transmission in GAP-013",P3,"does not block zonal P3; prevents symmetric unit-level operational validation",docs/data/index.md
GAP-012,demand_boundary_profiles,"annual official totals are strong but boundaries and future project realisation differ","Eurostat; REN; REE; RMSA; PNEC; PNIEC; TYNDP; ERAA","reconciled mainland hourly final-demand and gross-grid-load series including BTM losses storage H2 and project maturity",critical,"build two demand ledgers; retain source definitions; model new loads by driver and maturity",P2,"blocks a single auditable denominator and can materially change expansion and adequacy",docs/scenarios-iberia.md
GAP-013,transmission_model,"geographic and zonal planning layers public; operational electrical model restricted","REN PDIRT; REE; RTE; ENTSO-E TYNDP and TP; OSM; PyPSA-Eur","licensed PT-ES-FR buses branches R/X/B ratings topology outages PTDF states and project-to-outturn costs",high,"build and validate synthetic DC baseline; compare CNTC and deratings; request sanitised CGMES/planning snapshot",P3,"does not block zonal or synthetic DC planning; blocks TSO-grade nodal congestion N-1 and operational claims",docs/data/grid-and-stability.md
GAP-014,renewable_delivery,"technical potential sources are strong but economic and realisable supply curves are not","LNEG; JRC ENSPRESO2; MITECO zoning; PNEC; PNIEC; project pipelines","project-stage conversion build rates repowering grid delay land acceptance supply-chain and current cost-potential curves",high,"construct physical-to-realisable funnel with slow central stretch narratives and project maturity states",P4,"does not block broad potential envelopes; can reverse near-term capacity conclusions",docs/scenarios-iberia.md
GAP-015,fleet_lifecycle,"registries and aggregate trajectories exist; gross retirement and refurbishment schedules do not","DGEG; RMSA; RAIPEE; PNIEC; REE; CSN; concession registers","unit entry retirement mothball restart refurbishment repowering and old-to-new links with costs and outages",high,"adopt multi-clock asset schema; reconcile legal and actual events; model post-2040 endogenously",P2,"distorts brownfield capacity costs and residual value if replaced by one retirement year",docs/data/generation-and-storage-assets.md
GAP-016,emissions_constraint,"legal economy-wide targets and plan projections exist; no ready Iberian power-sector cap","EU Climate Law and ETS; PNEC; PNIEC; EUTL; UNFCCC/EEA","continental electricity-only 2030 disaggregation; post-2030 sector allocation; CHP small units biomass and import treatment",critical,"build installation ledger and document normative allocation; report territorial and no-leakage variants",P1,"blocks a uniquely factual emissions cap but not explicit scientific scenario constraints",docs/scenarios-iberia.md
GAP-017,future_reserves,"historical rules and aggregate products public; future forecast-error method incomplete","MPGGS; REE procedures; ENTSO-E; ERSE FNAM","final joint FRR methodology high-frequency FRCE/ACE/AGC and validated future error distributions",high,"separate contingency forecast-error and flexibility components; calibrate ranges and stress periods",P3,"does not block historical balancing; limits future reserve and frequency claims",docs/data/system-operations.md
GAP-018,climate_hydro_translation,"licensed climate backbone resolved; local physical conversion and tails remain uncertain","PECD v4.2; ERA5; ERA5-Land; IPMA; SNIRH; AEMET; CEDEX","bias-validated basin inflows weather-to-power derating and rare compound-event representation with carry-over",high,"preserve coherent chains; calibrate on observations; validate out of sample; retain ensemble uncertainty",P4,"does not block scenarios; uncertainty remains material for drought adequacy and thermal/network derating",docs/modelling-methodology.md
