source_id,owner,title,url,accessed_on,license_status,access_class,coverage,granularity,redistribution,canonical_doc,notes
SRC-EIB-APPRAISAL,EIB,Economic Appraisal of Investment Projects,https://www.eib.org/files/publications/20220169_economic_appraisal_of_investment_projects_en.pdf,2026-08-10,public,open_web,project appraisal,methodology,link,docs/cost-accounting.md,Economic resource-cost anchor
SRC-ENTSOE-CBA,ENTSO-E,Fourth CBA Guideline,https://eepublicdownloads.blob.core.windows.net/public-cdn-container/clean-documents/news/2024/entso-e_4th_CBA_Guideline_240409.pdf,2026-08-10,public,open_web,European grid projects,methodology,link,docs/cost-accounting.md,Network benefit anchor
SRC-NEA-FULLCOST,OECD NEA,The Full Costs of Electricity Provision,https://www.oecd.org/en/publications/the-full-costs-of-electricity-provision_9789264303119-en.html,2026-08-10,public,open_web,international,methodology,link,docs/modelling-methodology.md,Taxonomy not Portuguese inputs
SRC-NEA-DECARB,OECD NEA,The Costs of Decarbonisation,https://www.oecd.org/en/publications/the-costs-of-decarbonisation_9789264312180-en.html,2026-08-10,public,open_web,international,hourly study,link,docs/modelling-methodology.md,Method limitations documented
SRC-NEA-POSY,OECD NEA,POSY model,https://www.oecd-nea.org/tools/abstract/detail/nea-1929/,2026-08-10,public,open_web,international,software,verify,docs/modelling-methodology.md,Reference implementation
SRC-PYPSA,PyPSA,PyPSA repository,https://github.com/PyPSA/PyPSA,2026-08-10,MIT,open,global,software,yes,docs/modelling-methodology.md,Pin exact commit in runs
SRC-PYPSAEUR,PyPSA,PyPSA-Eur repository,https://github.com/PyPSA/pypsa-eur,2026-08-10,MIT_code_mixed_data,open,Europe,software and data workflow,conditional,docs/modelling-methodology.md,Upstream data terms vary
SRC-PYPSAEUR-SPATIAL,PyPSA,PyPSA-Eur spatial resolution,https://pypsa-eur.readthedocs.io/en/latest/spatial_resolution/,2026-08-10,public,open_web,Europe,documentation,link,docs/modelling-methodology.md,Compute benchmark
SRC-PYPSAEUR-PLANTS,PyPSA,build_powerplants workflow,https://github.com/PyPSA/pypsa-eur/blob/master/scripts/build_powerplants.py,2026-08-11,MIT,open,Europe,plant coordinates and bus mapping,yes,docs/data/generation-and-storage-assets.md,Bus assignment is inferred
SRC-PPM-BASICS,PyPSA contributors,powerplantmatching basics,https://powerplantmatching.readthedocs.io/en/latest/basics/,2026-08-11,CC-BY-4.0_dataset,open,Europe,plant-level,yes_with_attribution,docs/data/generation-and-storage-assets.md,Coordinates may combine sources/geocoding
SRC-ERSE-ADEQUACY,ERSE,Segurança de abastecimento,https://www.erse.pt/eletricidade/seguranca-de-abastecimento/,2026-08-10,public,open_web,Portugal,standard,link,docs/modelling-methodology.md,Reverify LOLE before release
SRC-ES-PNIEC,MITECO,PNIEC 2023-2030,https://www.miteco.gob.es/content/dam/miteco/es/energia/files-1/pniec-2023-2030/PNIEC_2024_240924.pdf,2026-08-10,public,open_web,Spain,policy plan,link,docs/scenarios-iberia.md,Temporal fact
SRC-ENRESA-PGRR,ENRESA,Seventh radioactive waste plan,https://www.enresa.es/documentos/ES_7-plan-general-residuos-radiactivos_.pdf,2026-08-10,public,open_web,Spain,unit schedule,link,docs/scenarios-iberia.md,Temporal fact
SRC-CSN-ALMARAZ,CSN,Informe favorable Almaraz,https://www.csn.es/-/informe-favorable-almaraz,2026-08-10,public,open_web,Almaraz,decision notice,link,docs/scenarios-iberia.md,Not final government authorization at snapshot
SRC-PT-PNEC,Portuguese Government,PNEC 2030,https://apambiente.pt/sites/default/files/_Clima/20241118_pnec2030_para_aprov_ar.pdf,2026-08-10,public,open_web,Portugal,policy plan,link,docs/scenarios-iberia.md,Ambition not neutral forecast
SRC-REN-DEMAND2025,REN,Electricity consumption 2025,https://www.ren.pt/en-gb/media/news/electricity-consumption-reaches-highest-ever-level-in-2025,2026-08-10,public,open_web,Portugal,annual,link,docs/scenarios-iberia.md,Network demand
SRC-EUROPOP2025,Eurostat,EUROPOP2025,https://ec.europa.eu/eurostat/databrowser/product/page/PROJ_25NP,2026-08-10,Eurostat_reuse,open,Europe,annual projections,verify,docs/scenarios-iberia.md,Migration sensitivity material
SRC-REE-PTES2026,REE,New Spain-Portugal interconnection,https://www.ree.es/en/press-office/news/press-release/2026/07/espana-y-portugal-inauguran-la-nueva-interconexion,2026-08-10,public,open_web,PT-ES,project capacity,link,docs/scenarios-iberia.md,Directional capacity
SRC-RTE-BAY2026,RTE,Bay of Biscay status,https://www.rte-france.com/actualites/2026-05-28-landes-pose-cables-interconnexion-france-espagne,2026-08-10,public,open_web,ES-FR,project status,link,docs/scenarios-iberia.md,Test delay and non-delivery
SRC-TYNDP2024,ENTSO-E,2024 scenarios report,https://tyndp.entsoe.eu/resources/tyndp2024-scenarios-report,2026-08-10,public,open_web,Europe,scenario,verify,docs/scenarios-iberia.md,Envelope not answer
SRC-TYNDP2026,ENTSO-E,2026 scenario portal,https://2026.entsos-tyndp-scenarios.eu/,2026-08-10,public,open_web,Europe,scenario,verify,docs/scenarios-iberia.md,Draft temporal
SRC-H2MED,H2Med,H2Med project,https://h2medproject.com/the-h2med-project-2/,2026-08-10,public,open_web,Iberia-France,project schedule,link,docs/scenarios-iberia.md,Target 2032 at snapshot
SRC-ENTSOE-UNITS,ENTSO-E,ProductionAndGenerationUnits r3 specification,https://transparencyplatform.zendesk.com/hc/en-us/articles/36496214610449,2026-08-10,item_specific,account_or_web,Europe,unit registry >=100MW,conditional,docs/data/generation-and-storage-assets.md,No physical node
SRC-ENTSOE-OUTPUT,ENTSO-E,Actual output per generation unit,https://transparencyplatform.zendesk.com/hc/en-us/articles/39309514389777-ActualGenerationOutputPerGenerationUnit-16-1-A-r3,2026-08-10,item_specific,account,Europe,unit time series >=100MW,conditional,docs/data/generation-and-storage-assets.md,Thresholded
SRC-ENTSOE-EIC,ENTSO-E,Energy Identification Codes,https://www.entsoe.eu/data/energy-identification-codes-eic/,2026-08-10,public,open_web,Europe,registry,verify,docs/data/generation-and-storage-assets.md,Local REN codes may be absent
SRC-DGEG-GEO,DGEG,Geographic electricity information,https://www.dgeg.gov.pt/pt/servicos-online/informacao-geografica/energia/energia-eletrica/,2026-08-10,mixed_catalogue,open_web,Portugal,asset geometry,verify_per_layer,docs/data/generation-and-storage-assets.md,Objects are not operating plants count
SRC-REN-MAP2026,REN,RNT map 2026,https://www.ren.pt/media/fcbh2aqx/mapa-eletricidade-2026-ren.pdf,2026-08-10,public,open_web,Portugal,annual map,link,docs/data/generation-and-storage-assets.md,Partial plant-to-installation mapping
SRC-DL15-2022,Portuguese Republic,Decree-Law 15/2022 consolidated,https://diariodarepublica.pt/dr/legislacao-consolidada/decreto-lei/2022-177634029,2026-08-10,public_law,open,Portugal,legal,yes,docs/data/generation-and-storage-assets.md,Articles 29 and 106
SRC-MPGGS,ERSE,MPGGS 2025,https://www.erse.pt/media/q10chfti/mpggs_articulado-250911.pdf,2026-08-10,public,open_web,Portugal,rules and data obligations,link,docs/data/generation-and-storage-assets.md,Shows REN receives parameters
SRC-RMSA2025,DGEG,RMSA-E 2025,https://www.dgeg.gov.pt/media/wq4bi1to/rmsa-e-2025.pdf,2026-08-10,public,open_web,Portugal,adequacy study,link,docs/data/generation-and-storage-assets.md,Uses unpublished unit parameters
SRC-ERAA2025,ENTSO-E,ERAA 2025 modelling data,https://www.entsoe.eu/eraa/2025/modelling-data/,2026-08-10,public_dataset,open,Europe,technology priors,verify,docs/data/generation-and-storage-assets.md,Not Portuguese unit values
SRC-JRC-STORAGE,JRC,European Energy Storage Inventory,https://ses.jrc.ec.europa.eu/storage-inventory,2026-08-10,verify,open_web,Europe,project-level,verify,docs/data/generation-and-storage-assets.md,Mixes estimates and statuses
SRC-ERSE-REPORTING,ERSE,Manual de reporte,https://www.erse.pt/media/bvzfelpi/manual-reporte.pdf,2026-08-10,public,open_web,Portugal,reporting schema,link,docs/data/generation-and-storage-assets.md,G5 fields
SRC-SNIRH-MONITOR,APA,SNIRH monitoring,https://snirh.apambiente.pt/index.php?idMain=2&idItem=1,2026-08-10,public_no_standard_license,open_web,Portugal,daily/hourly by reservoir,permission_unclear,docs/data/hydro.md,Exportable with flags
SRC-SNIRH-INVENTORY,APA,SNIRH reservoir inventory,https://snirh.apambiente.pt/index.php?idMain=1&idItem=7,2026-08-10,public_no_standard_license,open_web,Portugal,reservoir attributes,permission_unclear,docs/data/hydro.md,Partial topology and curves
SRC-APA-CONCESSIONS,APA,Hydraulic concessions,https://apambiente.pt/agua/aproveitamentos-hidraulicos-concessoes,2026-08-10,public,open_web,Portugal,concession list,link,docs/data/hydro.md,Uses not all quantitative obligations
SRC-SIME,REN,SIME market and system information,https://mercado.ren.pt/PT/Electr/InfoMercado/InfSistema,2026-08-10,public_no_clear_bulk_license,open_web,Portugal,mostly 15-minute,permission_unclear,docs/data/system-operations.md,Rich balancing layer
SRC-EREDES-NETWORK,E-REDES,Network characteristics,https://e-redes.opendatasoft.com/explore/dataset/caracteristicas-da-rede/,2026-08-10,CC-BY-4.0,open,Portugal,substation,yes_with_attribution,docs/data/grid-and-stability.md,Not full electrical graph
SRC-EREDES-PTD,E-REDES,Distribution transformer stations,https://e-redes.opendatasoft.com/explore/dataset/postos-transformacao-distribuicao/,2026-08-10,CC-BY-4.0,open,Portugal,point asset,yes_with_attribution,docs/data/grid-and-stability.md,No feeder connectivity
SRC-ERSE-PDIRD,ERSE,PDIRD-E 2024 consultation,https://www.erse.pt/atividade/consultas-publicas/consulta-publica-126/abertura/,2026-08-10,public,open_web,Portugal,planning projects,link,docs/data/grid-and-stability.md,Projected cost and aggregated outturn
SRC-REN-QUALITY,REN,Power quality by delivery point,https://www.ren.pt/atividade/qualidade-de-energia,2026-08-10,public,open_web,Portugal,annual indicators,link,docs/data/grid-and-stability.md,Not raw waveform or PMU
SRC-PDIRT2025,REN/ERSE,PDIRT-E 2025-2034,https://www.erse.pt/media/5ugp1p1x/pdirt-2025-2034-proposta-inicial-vol-i-sem-anexos.pdf,2026-08-10,public,open_web,Portugal,planning,link,docs/data/grid-and-stability.md,Stability investments and studies
SRC-PDIRT-ANNEX16,REN/ERSE,PDIRT Annex 16,https://www.erse.pt/media/lx5n5kao/pdirt-2025-2034-proposta-inicial-vol-i-anexos-1-a-16.pdf,2026-08-10,public,open_web,Portugal,nodal planning projections,link,docs/data/grid-and-stability.md,Short-circuit min max and X/R
SRC-RFG,DGEG,Requirements for generators,https://www.dgeg.gov.pt/pt/areas-setoriais/energia/energia-eletrica/servicos-e-redes/codigos-de-rede-europeus/requisitos-geradores-rfg/,2026-08-10,public,open_web,Portugal,requirements,link,docs/data/grid-and-stability.md,Not actual unit model
SRC-BLACKOUT2025,ENTSO-E,Iberian blackout final report,https://www.entsoe.eu/publications/blackout/28-april-2025-iberian-blackout/,2026-08-10,public,open_web,Iberia,event-level high resolution,link,docs/data/grid-and-stability.md,Anonymized incident case
SRC-PDIRD-OUTTURN,ERSE,PDIRD-E Annex C3-I,https://www.erse.pt/media/yxpjdvp2/proposta-pdird-e-2024-anexo-c3-a-anexo-i.pdf,2026-08-10,public,open_web,Portugal,programme/project planning and aggregate outturn,link,docs/data/project-costs.md,Not all project final costs
SRC-EREDES-ACCOUNTS,E-REDES,Real regulated accounts 2024,https://www.e-redes.pt/sites/eredes/files/2025-11/Relat%C3%B3rio%20Contas%20Reguladas%20Reais%20E-REDES%202024%20-%20Resumo.pdf,2026-08-10,public,open_web,Portugal,annual accounts,link,docs/data/project-costs.md,Regulated not project all-in
SRC-BASE,IMPIC,BASE public contracts data,https://www.base.gov.pt/Base4/pt/documentacao/formas-de-obter-dados-sobre-os-contratos-publicos/,2026-08-10,public_terms,open_web,Portugal,contract-level,verify,docs/data/project-costs.md,Award not necessarily outturn
SRC-RCM129,Portuguese Republic,National radioactive waste strategy,https://diariodarepublica.pt/dr/detalhe/resolucao-conselho-ministros/129-2022-204953813,2026-08-10,public_law,open,Portugal,policy,yes,docs/nuclear.md,No nuclear power plant or spent power fuel
SRC-NEA-COSTS,OECD NEA/IEA,Projected Costs of Generating Electricity 2020,https://www.oecd.org/en/publications/projected-costs-of-generating-electricity-2020_a6002f3b-en.html,2026-08-10,public,open_web,international,technology benchmarks,link,docs/nuclear.md,Not Portuguese project cost
SRC-IAEA-MILESTONES,IAEA,Milestones Approach,https://www-pub.iaea.org/MTCD/publications/PDF/PUB1997_web.pdf,2026-08-10,public,open_web,newcomer programmes,framework,link,docs/nuclear.md,19 infrastructure areas
SRC-IAEA-IRRS,IAEA,IRRS Portugal 2022,https://www.iaea.org/sites/default/files/documents/review-missions/irrs_portugal_2022-03-28.pdf,2026-08-10,public,open_web,Portugal,mission report,link,docs/nuclear.md,Institutional baseline
SRC-SREA,SREA,Electricity production by source and island,https://srea.azores.gov.pt/relatorio/energia-eletrica-producao-por-tipo-de-energia-kwh/,2026-08-10,no_standard_license,open_web,Azores,monthly,permission_unclear,docs/data/islands.md,Not operational sub-hourly
SRC-EDA-QUALITY,EDA,Quality of service reports,https://eda.pt/regulacao/qualidade-de-servico/relatorios-de-qualidade-de-servico,2026-08-10,no_standard_license,open_web,Azores,annual and weekly indicators,permission_unclear,docs/data/islands.md,Rich XLS annexes
SRC-DREM,DREM,Madeira electricity statistics,https://estatistica.madeira.gov.pt/download-now/economica/energia-pt/energia-ee-pt/energia-eletrica/energia-ee-quadros-pt.html,2026-08-10,no_standard_license,open_web,Madeira,monthly/annual,permission_unclear,docs/data/islands.md,Aggregated
SRC-EEM-QUALITY,EEM,Quality of service reports,https://www.eem.pt/pt/conteudo/publicacoes/qualidade-de-servico/relatorios-e-auditorias/relatorios-de-qualidade-de-servico/,2026-08-10,no_standard_license,open_web,Madeira and Porto Santo,annual indicators,permission_unclear,docs/data/islands.md,Not SCADA
SRC-LADA,Portuguese Republic,Law 26/2016 consolidated,https://diariodarepublica.pt/dr/legislacao-consolidada/lei/2016-106603618,2026-08-10,public_law,open,Portugal,legal,yes,docs/data/access-and-provenance.md,Reverify deadlines before use
SRC-CADA188,CADA,Opinion 188/2021,https://www.cada.pt/files/pareceres/2021/188.pdf,2026-08-10,public,open_web,Portugal,legal opinion,link,docs/data/access-and-provenance.md,DGEG licence precedent
SRC-ENTSOE-REG543,European Union,Regulation 543/2013,https://eur-lex.europa.eu/eli/reg/2013/543/oj,2026-08-10,public_law,open,European Union,legal publication thresholds,yes,docs/data/generation-and-storage-assets.md,Unit transparency obligations
SRC-ENTSOE-CAPUNIT,ENTSO-E,Installed capacity per production unit,https://transparencyplatform.zendesk.com/hc/en-us/articles/36496107495953,2026-08-10,item_specific,account_or_web,Europe,production unit,conditional,docs/data/generation-and-storage-assets.md,Part of unit backbone
SRC-ENTSOE-FILELIB,ENTSO-E,File Library Guide,https://transparencyplatform.zendesk.com/hc/en-us/articles/35960137882129-File-Library-Guide,2026-08-10,item_specific,account_or_web,Europe,file catalogue,conditional,docs/data/generation-and-storage-assets.md,Acquisition instructions
SRC-DGEG-LICENSED,DGEG,Licensed electricity projects,https://www.dgeg.gov.pt/pt/areas-setoriais/energia/energia-eletrica/producao-de-energia-eletrica/projetos-licenciados/,2026-08-10,mixed,open_web,Portugal,project list,verify,docs/data/generation-and-storage-assets.md,Not canonical operating register
SRC-EREDES-RECEPTION,E-REDES,Grid reception capacity,https://e-redes.opendatasoft.com/explore/dataset/capacidade-rececao-rnd/information/,2026-08-10,CC-BY-4.0,open,Portugal,substation or reception point,yes_with_attribution,docs/data/generation-and-storage-assets.md,Aggregate generation and constraints
SRC-OMIE-UNITS,OMIE,List of bidding units,https://www.omie.es/informes_mercado/listados/lista_unidades.pdf,2026-08-10,no_standard_open_license,open_web,Iberian market,market unit,permission_unclear,docs/data/generation-and-storage-assets.md,Market unit may aggregate physical units
SRC-PPM-EXAMPLE,PyPSA contributors,powerplantmatching example,https://powerplantmatching.readthedocs.io/en/latest/examples/example/,2026-08-11,public,open_web,Europe,example dataset,link,docs/data/generation-and-storage-assets.md,Shows missing ENTSO-E coordinates and matched output
SRC-PYPSA-DOCS,PyPSA,Optimization overview,https://docs.pypsa.org/latest/user-guide/optimization/overview/,2026-08-10,public,open_web,global,documentation,link,docs/modelling-methodology.md,Pin version used
SRC-PYPSAEUR-DOCS,PyPSA,PyPSA-Eur documentation,https://pypsa-eur.readthedocs.io/en/stable/index.html,2026-08-10,public,open_web,Europe,documentation,link,docs/modelling-methodology.md,Active development
SRC-PYPSAEUR-LICENSES,PyPSA,PyPSA-Eur data licences,https://pypsa-eur.readthedocs.io/en/latest/licenses/,2026-08-10,mixed,open_web,Europe,licence catalogue,conditional,docs/modelling-methodology.md,Code and upstream data differ
SRC-MITECO-PNIECNEWS,MITECO,Approval of updated PNIEC,https://www.miteco.gob.es/es/prensa/ultimas-noticias/2024/septiembre/el-gobierno-aprueba-la-actualizacion-del-plan-nacional-integrado.html,2026-08-10,public,open_web,Spain,policy summary,link,docs/scenarios-iberia.md,Temporal targets
SRC-OMIE-ARCHIVE,OMIE,Market file access list,https://www.omie.es/en/file-access-list,2026-08-10,no_standard_open_license,open_web,Iberian market,multiple resolutions,permission_unclear,docs/data/index.md,Formats and archive window change
SRC-REN-DATAHUB,REN,REN Data Hub,https://datahub.ren.pt/pt/,2026-08-10,terms_restrictive_or_verify,open_web,Portugal,aggregated daily/monthly and dashboard,permission_unclear,docs/data/index.md,Mainland balance cross-check
SRC-EREDES-PORTAL,E-REDES,Open Data portal,https://e-redes.opendatasoft.com/pages/homepage/,2026-08-10,mixed_by_dataset,open,Portugal,multiple,verify_per_dataset,docs/data/index.md,Use explicit dataset licence
SRC-SNIRH-STORAGE,APA,SNIRH storage bulletin,https://snirh.apambiente.pt/index.php?idMain=1&idItem=1.3,2026-08-10,public_no_standard_license,open_web,Portugal,reservoir monthly,permission_unclear,docs/data/hydro.md,National and basin tables
SRC-CNPGB,APA,CNPGB large dams,https://cnpgb.apambiente.pt/,2026-08-10,public_no_standard_license,open_web,Portugal,dam fact sheet,permission_unclear,docs/data/hydro.md,Technical characteristics not canonical table
SRC-SIME-RESTRICTIONS,REN,Restrictions energy and value,https://mercado.ren.pt/PT/Electr/InfoMercado/InfSistema/Restricoes/Paginas/Total-Energia-Valorizacao.aspx,2026-08-10,public_no_clear_bulk_license,open_web,Portugal,monthly and interval aggregates,permission_unclear,docs/data/system-operations.md,No network contingency mapping
SRC-ERSE-PARAMS,ERSE,Regulatory parameters 2026-2029,https://www.erse.pt/media/dzdijgko/par%C3%A2metros-2026-2029.pdf,2026-08-10,public,open_web,Portugal,regulatory period,link,docs/data/project-costs.md,Allowed values not cash cost
SRC-BASE-REPORT2024,IMPIC,Public procurement annual report 2024,https://www.base.gov.pt/Base4/media/2oeld2oi/relat%C3%B3rio-anual-2024-contrata%C3%A7%C3%A3o-p%C3%BAblica.pdf,2026-08-10,public,open_web,Portugal,annual aggregate,link,docs/data/project-costs.md,Completion price completeness evidence
SRC-EDA-ACCOUNTS,EDA,Regulated accounts,https://www.eda.pt/regulacao/contas-reguladas,2026-08-10,no_standard_license,open_web,Azores,annual by activity and island,permission_unclear,docs/data/project-costs.md,Rich real cost evidence
SRC-NEA-OUTLOOK2026,OECD NEA,Nuclear Energy Outlook 2026,https://www.oecd-nea.org/upload/docs/application/pdf/2026-06/nuclear_energy_outlook_-_rev.pdf,2026-08-10,public,open_web,international,technology outlook,link,docs/nuclear.md,Scenario anchor not project quote
SRC-ERSE-STORAGE2024,ERSE,Report under article 249 DL 15/2022,https://www.erse.pt/media/f4eh0fph/relat%C3%B3rio-art249-dl15_2022.pdf,2026-08-10,public,open_web,Portugal,annual aggregate,link,docs/data/generation-and-storage-assets.md,Storage snapshot by network
SRC-EEM-BATTERIES,EEM,EEM battery inventory,https://eeminov.eem.pt/cb/,2026-08-10,no_standard_license,open_web,Madeira,project-level,permission_unclear,docs/data/islands.md,Individual battery characteristics
SRC-ELECTRICITYMAPS-PTMA,Electricity Maps,PT-MA dataset,https://portal.electricitymaps.com/datasets/PT-MA,2026-08-10,service_terms,open_web,Madeira,5-minute modelled,verify,docs/data/islands.md,Not measured operational dispatch
SRC-REE-ESIOS,REE,e-sios electricity data transparency,https://www.esios.ree.es/en/,2026-08-12,no_standard_open_license_found,open_web_or_token,Spain,"unit market operation and nodal curtailment",permission_unclear,docs/data/index.md,"Generation demand markets exchanges structural units and curtailment; do not infer redistribution rights"
SRC-ERAA2026-DATA,ENTSO-E,ERAA 2026 modelling data,https://www.entsoe.eu/eraa/2026/modelling-data/,2026-08-12,release_specific_terms_to_verify,open_web,Europe,scenario_input_packages,verify_per_file,docs/data/index.md,"Includes commodity prices investment parameters demand network and other packages; preliminary/final status must be pinned"
SRC-ENTSOE-PECD,ENTSO-E,ERAA 2026 PECD packages,https://www.entsoe.eu/eraa/2026/modelling-data/,2026-08-12,release_specific_terms_to_verify,open_web,Europe,hourly_climate_and_RES_packages,verify_per_file,docs/modelling-methodology.md,"PECD RES and weather packages are available; licence and release status must be checked per package"
SRC-ERA5,Copernicus Climate Change Service,ERA5 hourly data on single levels from 1940 to present,https://cds.climate.copernicus.eu/datasets/reanalysis-era5-single-levels?tab=download,2026-08-12,CC-BY,account,global,hourly_reanalysis,yes_with_attribution,docs/modelling-methodology.md,DOI 10.24381/cds.adbb2d47; pin download date and CDS version
SRC-TECHNOLOGY-DATA,PyPSA contributors,technology-data v0.15.0,https://github.com/PyPSA/technology-data/releases/tag/v0.15.0,2026-08-12,GPLv3_code_mixed_input_terms,open,global,technology_cost_efficiency_lifetime,conditional,docs/modelling-methodology.md,"Pin commit 07e43575c7996a988c60964d00772376ab9bd10c; upstream data rights differ by line"
SRC-ENTSOE-TERRE,ENTSO-E,TERRE project closure,https://www.entsoe.eu/network_codes/eb/terre/,2026-08-12,public,open_web,Europe,event_and_platform_dates,link,docs/data/system-operations.md,"REN and REE disconnected 2025-12-30; operations stopped that day; project closed end-March 2026"
SRC-ERSE-ROR-FCR,ERSE,ROR reform explanatory document,https://www.erse.pt/media/fxtn2223/regulamento-de-opera%C3%A7%C3%B5es-das-redes-documento-justificativo.pdf,2026-08-12,public,open_web,Portugal,FCR_obligation_and_remuneration,link,docs/data/system-operations.md,"Official rationale documents the mandatory unremunerated FCR design; recheck current MPGGS before release"
SRC-ERSE-VOLL,ERSE,Final VOLL and CONE report,https://www.erse.pt/media/knfirrvo/relatorio-final-erse-voll-cone-dezembro-2025.pdf,2026-08-12,public,open_web,Portugal,national_and_customer_class,link,docs/modelling-methodology.md,"VOLL 12433 EUR/MWh at January 2025 real values; preserve household and non-household distribution"
SRC-ES-RELIABILITY,Spanish Government,Resolution establishing reliability standard and VOLL,https://www.boe.es/buscar/doc.php?id=BOE-A-2025-14438,2026-08-12,public_law,open,Spain,national_standard,yes,docs/modelling-methodology.md,"LOLE 1.5 h/year and VOLL 22879 EUR/MWh; preserve original monetary vintage"
SRC-EUROSTAT-ENERGY,Eurostat,Complete energy balances nrg_cb_e,https://ec.europa.eu/eurostat/databrowser/view/nrg_cb_e/default/table,2026-08-12,Eurostat_reuse,open,European_Union,annual_energy_balance,yes_with_attribution,docs/scenarios-iberia.md,"Harmonised check for final demand gross generation storage input and losses; national totals include islands"
SRC-PECD42,Copernicus Climate Change Service,Pan-European Climate Database v4.2,https://cds.climate.copernicus.eu/datasets/sis-energy-pecd?tab=overview,2026-08-12,CC-BY-4.0,account,Europe,"hourly_daily_weekly 1950-2100",yes_with_attribution,docs/modelling-methodology.md,"DOI 10.24381/cds.f323c5ec; 6 CMIP6 models x 4 SSP; one realization per GCM"
SRC-EC-TECH2026,European Commission,Technology assumptions for energy impact assessment SWD 2026 616,https://climate.ec.europa.eu/publications/swd2026-616-impact-assessment_en,2026-08-12,public_dataset,open_web,European_Union,2030_2040_2050_technology_assumptions,verify,docs/modelling-methodology.md,"Overnight greenfield assumptions; monetary base in workbook still requires confirmation"
SRC-MIBGAS,MIBGAS,Market results and gas prices,https://www.mibgas.es/en/market-results/gas,2026-08-12,public_with_attribution,open_web_or_certificate,Iberia,daily_products_and_volumes,conditional,docs/scenarios-iberia.md,"Hub price is not delivered plant fuel cost; operational API requires agent certificate"
SRC-GENX,GenX Project,GenX documentation and repository,https://genxproject.github.io/GenX.jl/stable/,2026-08-12,MIT,open,global,planning_UC_reserves_model,yes,docs/modelling-methodology.md,"Planning challenger subject to PT-ES canonical-input pilot; probabilistic adequacy remains separate"
SRC-ANTARES,RTE Antares team,Antares-Simulator,https://github.com/AntaresSimulatorTeam/Antares_Simulator,2026-08-12,MPL-2.0,open,global,sequential_Monte_Carlo_adequacy,yes,docs/modelling-methodology.md,"Adequacy challenger for fixed portfolios; build independently from canonical inputs"
SRC-ERSE-FNAM,ERSE,First national flexibility needs assessment,https://www.erse.pt/media/aehfahwe/relat%C3%B3rio-an%C3%A1lise-de-necessidades-de-flexibilidade-em-portugal.pdf,2026-08-12,public,open_web,Portugal,2030_2035_flexibility_assessment,link,docs/data/system-operations.md,"Published 2026-07-24; maxima are deterministic upper envelopes and not quantified unmet needs"
SRC-PT-PNEC-FINAL,Portuguese Republic,Final updated PNEC 2030 Resolution 127/2025,https://diariodarepublica.pt/dr/detalhe/resolucao-assembleia-republica/127-2025-914597185,2026-08-12,public_law,open,Portugal,policy_plan,yes,docs/scenarios-iberia.md,"Final adopted source supersedes the pre-Assembly draft as policy reference"
SRC-ENTSOE-CGM,ENTSO-E,Common Grid Model process,https://www.entsoe.eu/news/2021/12/09/go-live-of-the-common-grid-model/,2026-08-12,public,open_web,Europe,operational_grid_model_process,link,docs/data/grid-and-stability.md,"CGMES standard is public but actual IGM and CGM datasets are exchanged through secure infrastructure"
SRC-DL2-2025,Portuguese Republic,Decree-Law 2/2025 on reuse of protected public-sector data,https://diariodarepublica.pt/dr/detalhe/decreto-lei/2-2025-904570275,2026-08-12,public_law,open,Portugal,legal_reuse_and_secure_environment,yes,docs/data/access-and-provenance.md,"AMA single information point and secure processing are fallback mechanisms; no new access right is created"
SRC-REN-TECH2025,REN,Technical data 2025,https://www.ren.pt/media/2cbfm5p4/ren-dados-te-cnicos-2025.pdf,2026-08-12,public,open_web,Portugal,annual_installed_capacity,link,docs/data/generation-and-storage-assets.md,"Reports 19 MW batteries and 3585 MW pumping at end-2025; not an asset register"
SRC-MITECO-STORAGE2024,MITECO,Annual self-consumption and storage statistics 2024,https://www.miteco.gob.es/content/dam/miteco/es/energia/files-1/balances/Publicaciones/Documents/autoconsumo-y-almacenamiento-2024/Estadistica%20Anual%20Autoconsumo%20y%20Almacenamiento_2024.ods,2026-08-12,public_dataset_terms_to_verify,open,Spain,annual_aggregate,verify,docs/data/generation-and-storage-assets.md,"Separates pure and mixed pumping and large batteries; microdata are confidential"
